Country;1980;1981;1982;1983;1984;1985;1986;1987;1988;1989;1990;1991;1992;1993;1994;1995;1996;1997;1998;1999;2000;2001;2002;2003;2004;2005;2006;2007;2008;2009;2010;2011;2012;2013;2014;2015;2016;2017;2018;2019;2020;2021;2022;2023
Afghanistan;11.00;6.00;8.00;;13.00;14.00;14.00;31.00;34.00;22.00;20.00;19.00;;25.00;40.00;;42.00;38.00;31.00;31.00;27.00;37.00;35.00;39.00;48.00;50.00;53.00;55.00;59.00;60.00;62.00;75.00;81.00;82.00;88.00;90.00;74.50;78.00;82.00;75.00;76.71;74.27;79.39;77.58
Albania;;90.00;;96.00;96.00;96.00;96.00;96.00;96.00;96.00;;80.00;87.00;76.00;90.00;91.00;92.00;95.00;89.00;85.00;95.00;95.00;96.00;93.20;96.20;97.00;95.00;97.00;98.00;97.00;98.90;99.00;98.40;98.70;97.60;97.10;96.30;95.70;94.10;94.90;91.02;;;83.20
Algeria;;17.00;;;;;;59.00;;73.00;53.00;74.00;68.00;69.00;69.00;77.00;75.00;74.00;75.00;83.00;80.00;83.00;81.00;84.00;81.00;83.00;91.00;92.00;88.00;;95.00;95.00;95.00;95.00;95.00;95.00;95.00;95.00;80.00;;;;;
Andorra;;;;;;;;;;;;;;;;;;90.00;90.00;97.00;97.00;97.00;98.00;96.00;97.60;94.00;91.00;94.00;98.00;97.98;98.87;99.43;97.81;95.44;95.72;95.94;97.18;98.99;99.22;99.07;98.33;98.95;97.58;99.00
Angola;;;;26.00;;83.00;60.00;55.00;56.00;43.00;38.00;39.00;21.00;47.00;44.00;65.00;41.00;78.00;80.00;46.00;;72.00;72.00;62.00;64.00;45.00;48.00;88.00;79.00;77.00;93.00;88.44;97.00;91.00;85.00;80.00;74.00;71.00;79.00;79.80;72.94;64.83;65.87;78.67
Anguilla;;;72.00;70.00;72.00;81.00;65.00;81.00;98.00;92.00;99.00;99.00;99.00;99.00;99.00;92.00;99.00;92.00;96.00;99.00;99.00;92.00;;99.00;;92.00;;;;;;;;;;;;79.00;81.00;88.00;80.00;82.00;85.50;70.70
Antigua and Barbuda;;;;48.00;73.00;69.00;80.00;89.00;95.00;95.00;89.00;87.00;99.00;99.00;91.00;93.00;99.00;93.00;100.00;99.00;95.00;96.60;127.00;100.00;97.00;100.00;100.00;99.00;106.00;99.40;98.20;99.80;97.90;103.00;102.00;101.94;87.88;100.00;96.00;97.00;;84.80;100.00;94.00
Argentina;61.00;77.00;67.00;67.00;79.00;54.00;87.00;80.00;87.00;89.00;93.00;109.00;92.00;95.00;96.00;99.00;103.00;93.00;111.00;97.00;91.00;89.00;95.00;96.80;99.10;110.00;97.20;93.60;96.40;103.00;104.90;95.40;94.10;93.60;94.80;89.00;90.23;90.00;94.00;86.00;77.30;86.43;84.61;79.51
Armenia;;;;;;;;;;;;;93.00;95.00;95.00;96.00;89.00;92.00;94.00;92.00;91.60;95.50;59.50;93.80;91.50;94.00;92.00;92.00;94.00;96.00;97.00;97.00;97.21;97.18;96.91;97.00;97.03;96.00;95.00;95.00;94.44;94.21;94.65;95.76
Aruba;;;;;;;;;;;;;;;;;;;;;;;;;;;;;;;;;;;;;;97.00;97.00;95.00;;93.86;91.59;93.20
Australia;;;;68.00;;68.00;;68.00;;85.00;86.00;;;86.00;86.00;87.00;87.00;87.00;82.00;88.00;91.00;92.00;93.00;94.00;93.00;94.00;94.00;94.00;94.00;93.70;93.94;94.00;94.00;93.72;94.00;95.00;;;;;;92.73;96.01;91.48
Austria;;25.00;25.00;25.00;30.00;40.00;60.00;60.00;60.00;60.00;60.00;60.00;60.00;60.00;60.00;60.00;87.00;90.00;;65.00;75.00;79.00;78.00;79.00;74.00;75.00;80.00;79.00;83.00;76.00;;;;;96.00;;95.00;96.00;93.50;95.00;95.00;99.57;95.00;90.00
Azerbaijan;;;;;;;;;;;;94.00;83.00;80.00;91.00;95.00;96.00;97.00;98.00;99.00;98.00;99.00;97.46;98.00;98.40;98.00;96.00;97.00;97.00;98.30;97.90;97.80;97.30;98.10;98.10;98.10;97.50;97.60;96.00;97.50;82.26;93.15;92.50;96.23
Bahamas;;;65.00;66.00;63.00;79.00;93.00;87.00;78.00;87.00;99.00;99.00;94.00;88.00;88.00;90.00;92.00;93.00;92.00;86.00;92.93;94.00;94.00;90.00;89.00;85.00;88.00;96.00;90.00;97.50;93.60;90.40;91.20;91.50;92.00;94.00;88.60;90.00;89.00;83.00;86.71;82.40;80.43;86.34
Bahrain;63.00;43.00;37.00;59.00;65.00;54.00;60.00;73.00;78.00;85.00;87.00;88.00;87.00;90.00;93.00;95.00;95.00;94.00;100.00;94.00;98.40;98.00;99.00;100.00;98.80;100.00;100.00;100.00;100.00;99.80;100.00;100.00;99.89;100.00;100.00;100.00;100.00;100.00;100.00;100.00;100.00;100.00;100.00;100.00
Bangladesh;;;1.00;1.00;1.00;1.00;3.00;6.00;13.00;53.00;82.00;83.00;92.00;87.00;95.00;96.00;96.00;97.00;72.00;61.00;61.00;64.00;65.00;69.00;96.00;78.00;84.00;85.00;85.00;87.80;89.00;86.00;89.00;88.70;90.10;90.10;91.70;92.00;92.00;92.80;92.80;92.80;;88.60
Barbados;41.00;;53.00;55.00;84.00;88.00;84.00;85.00;84.00;85.00;87.00;92.00;90.00;92.00;97.00;92.00;100.00;92.00;97.00;86.00;94.00;93.00;91.00;90.00;98.00;93.00;92.00;75.00;94.00;93.70;84.52;93.00;90.00;;95.00;96.22;91.95;92.00;85.00;101.00;89.38;76.55;85.06;89.47
Belarus;;55.00;56.00;57.00;55.00;56.00;57.00;61.00;96.00;97.00;96.00;95.00;94.00;96.00;97.00;93.00;96.00;97.00;98.00;98.00;98.20;;;98.80;99.00;99.00;97.00;99.00;99.00;98.80;98.60;99.00;98.00;99.00;99.00;99.00;98.20;97.40;98.30;98.20;97.22;97.66;98.27;97.05
Belgium;;50.00;;;;;90.00;50.00;75.00;75.00;85.00;67.00;87.00;70.00;78.00;85.00;73.00;76.00;80.00;82.00;82.00;82.00;82.00;82.00;82.20;88.00;92.00;92.00;93.38;95.00;95.00;95.00;95.60;96.00;95.56;95.94;95.70;95.70;95.70;96.10;96.10;96.00;96.10;96.10
Belize;21.00;40.00;51.00;43.00;43.00;49.00;85.00;53.00;59.00;71.00;86.00;76.00;69.00;80.00;82.00;83.00;81.00;85.00;84.00;82.00;96.00;94.00;88.00;96.00;97.00;95.00;100.00;96.00;96.00;97.00;98.00;98.00;96.00;99.00;95.00;96.41;95.02;90.00;97.00;96.00;81.85;79.44;80.80;92.97
Benin;;;;;;23.00;20.00;26.00;30.00;48.00;73.00;60.00;72.00;69.00;78.00;82.00;74.00;82.00;82.00;91.60;85.00;;88.00;83.00;85.00;85.00;89.00;93.00;89.00;95.00;92.00;95.00;72.00;87.00;87.00;85.00;63.00;74.00;74.00;79.00;67.00;78.00;78.00;78.00
Bermuda;;;60.00;48.00;42.00;52.00;77.00;83.00;86.00;67.00;63.00;83.00;71.00;74.00;93.00;86.00;85.00;88.00;;;;;;77.00;98.00;;;89.00;;;;;;;;;;87.00;87.00;108.00;98.86;91.67;85.22;95.31
Bhutan;21.00;21.00;20.00;21.00;36.00;43.00;41.00;52.00;64.00;60.00;79.00;89.00;60.00;61.00;81.00;85.00;85.00;84.00;71.00;77.00;;78.00;78.00;;87.00;93.00;90.00;95.00;99.00;98.00;95.00;95.00;95.00;94.00;97.20;97.00;97.00;97.00;97.00;97.00;92.70;96.90;97.07;98.69
Bolivia (Plurinational State of);13.00;17.00;15.00;13.00;20.00;17.00;17.00;33.00;44.00;47.00;53.00;73.00;80.00;81.00;89.00;83.00;86.00;99.00;77.00;99.00;100.00;106.90;100.00;100.00;90.00;89.00;88.00;83.00;86.70;86.20;79.40;83.80;84.40;82.80;86.00;94.92;93.52;83.00;89.00;79.00;74.42;74.75;68.80;68.12
Bosnia and Herzegovina;;;;;;;;;;;;;52.00;48.00;57.00;53.40;;86.00;84.00;83.00;80.40;91.90;89.00;;88.00;90.00;90.00;96.00;84.00;;92.20;;94.00;;89.10;;;;68.40;79.00;;60.59;58.14;55.20
Botswana;;;;;;68.00;64.00;48.00;51.00;55.00;55.00;52.00;58.00;59.00;;72.00;82.00;79.00;80.00;74.00;84.00;77.00;79.00;90.00;86.00;113.00;121.00;79.00;95.00;93.00;94.00;103.00;108.00;93.00;93.00;76.50;90.00;73.00;93.00;93.00;;;;
Brazil;57.00;73.00;66.00;68.00;73.00;67.00;67.00;64.00;62.00;60.00;78.00;85.00;91.00;85.00;77.00;87.00;80.00;100.00;95.00;99.00;100.00;100.00;96.00;119.00;111.00;107.00;105.00;107.00;100.00;104.00;100.00;102.00;99.00;107.00;112.00;96.07;95.41;87.00;92.00;91.00;79.45;73.46;80.66;86.76
British Virgin Islands;;;86.00;83.00;89.00;40.00;82.00;80.00;62.00;99.00;99.00;84.00;83.00;99.00;99.00;99.00;99.00;99.00;99.00;92.00;99.00;110.29;;129.00;;;;;;;;;;;;;;87.00;94.00;84.00;98.85;82.74;73.15;86.25
Brunei Darussalam;73.00;;;94.00;90.00;98.00;100.00;100.00;100.00;;;;92.00;100.00;;;;98.00;100.00;94.40;99.00;104.00;;98.00;99.00;98.00;97.00;97.00;100.00;;94.00;;;96.00;;96.00;98.00;97.00;99.00;97.00;99.00;99.43;97.27;97.42
Bulgaria;98.00;98.00;90.00;98.00;98.00;99.00;100.00;100.00;100.00;99.00;100.00;98.00;92.00;88.00;93.00;94.00;95.00;93.00;95.00;96.00;88.60;89.98;92.00;95.50;94.00;96.00;96.00;96.00;96.00;96.10;96.50;94.00;94.00;95.10;93.20;91.50;92.10;93.80;92.90;39.40;88.30;89.48;91.20;91.60
Burkina Faso;;23.00;;;;38.00;64.00;65.00;37.00;;;;41.00;42.00;45.00;55.00;54.00;68.00;45.00;29.00;58.99;69.00;64.00;76.00;78.00;84.00;88.00;94.00;101.00;;63.10;63.10;87.30;81.80;88.00;88.00;88.00;88.00;88.00;88.00;88.00;88.00;99.00;93.69
Burundi;;28.00;40.00;54.00;27.00;32.00;41.00;54.00;55.00;73.00;74.00;74.00;69.00;69.00;42.00;49.00;50.00;52.00;44.00;47.00;61.00;54.00;67.00;81.00;78.00;87.00;92.00;102.00;84.00;91.00;92.00;101.00;93.20;98.00;94.00;93.00;93.00;90.00;88.00;92.00;90.00;90.00;89.00;85.90
Cabo Verde;;;;;;54.00;59.00;75.00;78.00;90.00;79.00;90.00;91.00;95.00;;66.00;66.00;82.00;66.00;60.70;80.00;72.00;;76.00;69.00;65.00;65.00;74.00;77.00;72.00;96.75;96.42;91.10;90.71;93.23;91.65;93.00;96.00;99.34;97.50;;104.00;100.80;
Cambodia;;;;;;;;53.00;39.00;39.00;34.00;39.00;33.00;36.00;53.00;75.00;72.00;68.00;63.00;63.00;65.40;58.80;52.10;65.00;80.00;79.00;78.00;79.00;89.00;;;93.00;93.38;90.24;94.00;95.00;122.65;;;;107.00;;;
Cameroon;;16.00;;25.00;31.00;;;;14.00;;36.00;35.00;37.00;32.00;38.00;46.00;39.00;43.00;47.00;46.00;;47.00;53.00;61.00;64.00;68.00;73.00;74.00;80.00;73.90;79.13;76.03;81.76;71.00;71.00;71.00;72.00;67.00;61.00;61.00;63.00;65.00;68.00;71.00
Canada;;;;;;;;70.00;85.00;;;;;96.00;97.00;96.00;97.00;96.00;96.00;;;;95.00;95.00;94.00;96.00;92.70;94.00;93.00;91.00;90.00;88.00;89.00;90.00;90.00;89.00;89.00;90.00;90.20;90.00;90.00;90.00;92.00;92.00
Cayman Islands;;;98.00;;;94.00;67.00;91.00;99.00;89.00;82.00;78.00;99.00;90.00;91.00;95.00;89.00;93.00;94.00;90.00;89.14;;;;;;;;;;;;;;;;;92.00;90.00;;81.71;84.59;91.80;93.87
Central African Republic;12.00;15.00;16.00;16.00;19.00;23.00;24.00;14.00;40.00;57.00;67.00;62.00;57.00;;37.00;72.00;46.00;46.00;39.00;37.53;33.50;29.00;39.00;36.00;70.00;65.00;108.00;104.00;61.00;93.90;62.30;80.00;65.00;29.00;59.00;50.00;65.00;50.00;72.00;55.00;81.58;77.90;71.00;101.86
Chad;;;;;;;;16.00;17.00;23.00;;28.00;25.00;19.00;24.00;24.00;31.00;30.00;30.00;49.20;42.00;;55.00;61.00;56.00;70.00;83.00;77.00;54.00;87.00;84.00;79.00;69.00;79.00;79.00;;75.00;65.00;70.00;68.79;74.81;82.51;84.26;94.50
Chile;94.00;95.00;96.00;95.00;94.00;92.00;91.00;92.00;95.00;92.00;97.00;99.00;89.00;94.00;96.00;97.00;93.00;96.00;98.00;94.00;97.30;96.00;95.00;96.00;94.00;90.00;91.00;92.00;96.00;92.70;92.70;90.80;89.90;89.50;97.00;96.40;92.75;93.00;93.00;95.00;90.88;92.32;93.90;93.58
China;;;;78.00;74.00;88.00;88.00;63.00;77.00;95.00;98.00;96.00;94.00;94.00;89.00;93.00;97.00;96.00;97.00;85.00;;78.69;;;;86.00;93.00;94.00;;;;;;;;;;;;;99.22;99.43;99.13;97.11
China, Hong Kong SAR;74.00;;;;80.00;;;85.00;37.00;80.00;80.00;79.00;77.00;80.00;;72.00;82.00;82.00;82.00;99.00;83.00;83.60;;80.52;;;;;;;;95.00;95.00;95.00;95.00;95.00;95.00;95.00;95.00;95.00;95.00;95.00;95.00;95.00
China, Macao SAR;;;;41.00;;3.00;10.00;22.00;41.00;47.00;57.00;55.00;73.00;77.00;76.00;82.00;;85.00;92.00;91.60;89.70;89.75;;90.00;91.10;90.90;;89.90;89.70;90.80;;;92.70;92.70;93.30;93.10;93.50;93.60;94.90;98.00;97.61;96.12;97.44;97.34
Colombia;13.00;26.00;28.00;43.00;51.00;51.00;45.00;59.00;74.00;64.00;82.00;78.00;74.00;94.00;84.00;95.00;90.00;80.00;78.00;79.00;88.00;93.00;93.00;92.00;94.00;96.00;95.40;93.00;92.40;95.20;88.50;87.60;93.80;92.40;91.26;94.02;92.61;93.10;95.00;95.00;90.50;86.40;88.01;92.55
Comoros;;;;;42.00;18.00;26.00;71.00;40.00;85.00;87.00;40.00;51.00;56.00;;69.00;43.00;49.00;67.00;;70.00;70.00;71.00;67.00;76.00;67.00;66.00;65.00;76.00;;;87.00;85.00;82.00;80.00;81.00;90.10;90.00;90.00;90.00;90.00;90.00;85.60;
Congo;;49.00;;59.00;54.00;67.00;86.00;66.00;48.00;60.00;77.00;60.00;54.00;55.00;;42.00;64.00;18.00;;23.00;34.00;35.00;37.00;50.00;65.00;56.00;66.00;67.00;79.00;76.00;90.00;90.00;80.00;80.00;80.00;80.00;69.00;80.00;83.00;83.00;68.00;67.52;64.74;75.00
Cook Islands;;;;68.00;65.00;76.00;70.00;84.00;92.00;100.00;67.00;94.00;87.00;100.00;72.00;96.00;72.00;88.00;97.00;84.00;76.00;83.00;95.00;100.00;107.00;131.00;111.00;98.00;95.00;78.00;99.00;89.00;97.00;97.00;98.00;99.00;90.00;98.00;100.00;100.00;;;;
Costa Rica;60.00;79.00;87.00;84.00;76.00;78.00;90.00;93.00;96.00;77.00;90.00;96.00;69.00;89.00;87.00;91.00;84.00;99.00;83.00;88.00;82.10;82.00;94.00;87.62;87.70;89.00;90.00;90.00;89.00;80.60;85.00;82.80;90.00;91.00;95.00;93.00;93.13;96.00;94.00;95.00;94.89;88.80;90.20;93.28
Côte d'Ivoire;;;;;;;;85.00;;40.00;;57.00;54.00;52.00;47.00;57.00;65.00;68.00;66.00;57.00;62.00;60.00;76.00;47.00;49.00;50.00;73.00;67.00;63.00;67.00;64.00;49.00;85.00;85.00;71.00;80.00;88.00;86.00;92.00;92.00;85.99;88.20;85.48;93.00
Croatia;88.10;89.00;89.50;88.40;90.30;89.20;88.70;90.00;91.40;92.80;91.50;88.70;89.70;90.50;89.90;92.00;91.60;91.00;90.90;92.40;93.20;93.60;94.70;94.50;95.72;95.50;95.00;96.00;95.50;;96.00;96.00;94.80;93.90;93.70;92.80;89.60;89.00;93.20;;91.16;89.27;89.99;90.08
Cuba;48.00;49.00;55.00;94.00;82.00;85.00;80.00;99.00;89.00;98.00;94.00;99.00;99.00;96.00;99.00;99.00;99.00;96.00;99.00;96.00;93.90;114.10;93.00;104.70;99.00;98.00;96.00;102.00;103.00;101.40;100.80;103.00;101.20;102.60;102.00;101.00;99.85;100.00;100.00;100.00;97.80;99.89;99.96;99.95
Cyprus;29.00;28.00;21.00;19.00;25.00;;60.00;91.00;74.00;76.00;;;;;;83.00;90.00;90.00;;;85.50;;85.50;86.30;86.30;86.00;87.00;87.00;87.00;87.00;87.00;87.00;86.00;86.00;86.00;90.20;90.20;90.20;90.20;86.20;86.40;86.40;85.62;81.50
Czechia;;;;;;;;;;;;;;98.00;97.00;96.00;97.00;96.00;95.00;97.00;;;;99.10;96.90;97.00;;98.00;97.00;;98.26;;;;;;97.51;96.98;96.41;92.43;;96.50;96.50;86.97
Democratic People's Republic of Korea;29.00;31.00;29.00;30.00;31.00;93.00;94.00;94.00;96.00;99.00;98.00;98.00;99.00;99.00;99.00;98.00;100.00;37.00;34.00;98.00;91.50;;97.50;95.30;95.30;96.00;96.00;99.00;98.00;97.60;98.90;98.76;98.90;99.10;99.00;98.40;98.70;98.60;98.20;98.50;99.11;100.00;67.26;28.15
Democratic Republic of the Congo;18.00;29.00;25.00;30.00;30.00;41.00;39.00;41.00;44.00;41.00;37.00;17.00;;33.00;33.00;27.00;21.00;20.00;20.00;15.00;46.00;37.00;45.00;54.00;64.00;70.00;73.00;79.00;77.00;65.00;66.00;66.00;69.00;68.00;69.00;65.00;63.00;65.00;64.00;65.00;62.00;55.00;56.00;52.00
Denmark;;;;;;;;82.00;72.00;80.00;84.00;86.00;85.00;81.00;88.00;88.00;85.00;84.00;91.00;92.00;100.00;94.00;102.00;96.00;96.00;95.00;90.00;89.00;;84.00;85.00;87.00;90.00;89.00;90.00;91.00;94.00;97.00;95.20;96.00;94.40;94.80;94.80;94.70
Djibouti;;;15.00;;20.00;27.00;19.00;22.00;68.00;61.00;85.00;79.00;83.00;42.00;59.00;58.00;47.00;59.00;21.00;23.00;49.59;49.05;62.07;65.57;60.00;65.00;67.00;74.00;73.00;84.00;85.00;84.00;83.00;80.00;71.20;74.00;75.00;78.58;85.79;82.67;61.99;49.63;69.10;95.06
Dominica;;;43.00;63.00;85.00;93.00;97.00;87.00;90.00;88.00;88.00;98.00;99.00;99.00;99.00;100.00;100.00;100.00;98.00;99.00;99.30;;99.00;100.00;99.00;98.00;102.00;96.00;100.00;106.50;100.50;99.30;98.80;93.10;94.00;96.48;95.79;77.00;84.00;92.00;91.69;87.91;87.40;97.61
Dominican Republic;30.00;18.00;25.00;24.00;19.00;54.00;71.00;71.00;29.00;43.00;96.00;69.00;75.00;96.00;86.00;96.00;80.00;82.00;95.00;96.00;87.90;98.00;92.00;84.00;94.00;105.00;102.00;96.00;96.00;89.00;88.00;87.70;87.70;83.36;88.00;89.83;85.17;86.00;95.00;96.00;82.25;87.91;100.66;94.00
Ecuador;24.00;31.00;45.00;34.00;54.00;51.00;50.00;47.00;53.00;57.00;60.00;54.00;69.00;73.00;72.00;73.00;79.00;75.00;89.00;99.00;84.00;;79.80;99.00;99.50;93.00;97.00;103.00;98.00;112.95;110.76;94.00;101.32;97.00;85.00;83.58;85.52;80.61;83.00;83.00;80.52;65.35;73.97;97.00
Egypt;78.00;65.00;69.00;;47.00;74.00;78.00;76.00;85.00;92.00;87.00;89.00;89.00;89.00;92.00;89.00;92.00;92.00;98.00;95.50;97.60;;;;96.60;98.00;98.00;97.00;92.00;95.40;96.10;96.10;93.00;96.30;93.00;92.40;;93.80;94.40;94.60;93.78;95.91;95.86;95.67
El Salvador;45.00;44.00;43.00;46.00;41.00;71.00;51.00;48.00;63.00;43.00;98.00;54.00;55.00;86.00;80.00;93.00;94.00;98.00;99.00;94.00;97.00;82.00;93.00;90.00;93.00;99.00;98.00;100.00;95.00;91.00;92.00;89.40;93.00;94.00;94.00;95.00;94.00;85.00;81.00;96.00;84.32;97.00;79.73;99.67
Equatorial Guinea;;;;;;11.00;17.00;;46.00;18.00;;;64.00;53.00;;61.00;61.00;82.00;;24.00;18.50;52.00;51.00;36.00;33.00;24.00;25.00;37.00;76.00;77.00;;50.00;34.00;41.00;43.00;26.00;28.99;52.82;39.00;51.00;62.00;53.39;49.28;60.62
Eritrea;;;;;;;;;;;;;;;;29.00;38.00;53.00;52.00;55.30;50.00;65.00;65.00;75.00;80.00;80.00;80.00;80.00;80.00;80.00;85.00;95.00;;;90.00;85.00;93.00;93.00;93.00;93.00;93.00;93.00;93.00;93.00
Estonia;;;;;;;;;;;82.00;78.00;75.00;74.00;76.00;81.00;86.00;88.00;89.00;92.00;93.00;95.00;95.00;95.00;96.00;96.00;96.00;96.00;95.00;95.00;95.10;93.90;94.00;93.70;93.40;93.17;93.20;93.00;86.90;88.00;90.78;89.42;78.00;84.40
Eswatini;7.00;67.00;62.00;46.00;50.00;54.00;74.00;69.00;85.00;85.00;85.00;80.00;85.00;85.00;94.00;94.00;82.00;92.00;82.00;82.00;80.00;72.00;72.00;94.00;70.00;60.00;57.00;58.00;69.00;71.70;94.00;98.00;88.00;96.50;97.00;89.30;89.00;88.90;82.00;81.00;76.21;80.40;82.51;84.63
Ethiopia;4.00;3.00;7.00;7.00;8.00;12.00;10.00;13.00;15.00;23.00;38.00;17.00;12.00;21.00;28.00;38.00;34.00;33.00;46.00;32.00;37.00;40.00;42.00;44.00;56.00;59.00;63.00;65.00;74.00;75.00;81.10;82.00;80.00;78.00;80.64;92.14;93.00;91.50;88.00;91.00;93.00;87.49;89.34;94.68
Fiji;32.00;40.00;2.00;25.00;22.00;57.00;61.00;64.00;69.00;65.00;72.00;93.00;;96.00;67.00;94.00;94.00;75.00;75.00;;;90.00;;91.00;61.80;70.00;100.00;81.00;94.00;;;82.10;90.00;96.00;91.00;95.00;95.00;96.00;81.00;82.50;82.21;;85.00;95.23
Finland;;70.00;;81.00;;;87.00;;98.00;95.00;97.00;97.00;99.00;99.00;99.00;98.00;98.00;96.00;96.00;96.00;96.00;96.00;95.80;97.00;97.00;97.00;97.00;98.00;97.00;98.50;;96.60;97.00;97.40;;95.40;94.50;94.30;96.20;96.00;;93.00;94.00;94.00
France;;;;15.00;;35.00;39.00;45.00;51.00;58.00;71.00;74.00;76.00;78.00;80.00;83.00;84.00;83.00;82.00;83.00;84.00;85.00;86.00;87.00;88.00;87.00;89.00;90.00;89.00;;70.00;89.00;91.00;90.00;91.00;91.00;90.00;90.30;89.60;;;91.90;94.20;95.10
French Polynesia;;;;;32.00;79.00;54.00;61.00;81.00;66.00;62.00;89.00;91.00;;;96.00;98.00;98.00;;98.00;;98.00;;;;;;99.00;;99.00;99.00;99.00;;;99.00;98.00;97.00;97.50;97.00;97.00;;;98.40;
Gabon;;;;;;58.00;58.00;67.00;68.00;73.00;76.00;71.00;66.00;65.00;52.00;57.00;57.00;32.00;38.00;30.00;27.00;24.00;30.00;37.00;37.00;30.00;44.00;62.00;67.00;63.00;62.00;72.00;71.00;70.00;61.00;68.00;64.00;63.00;59.00;62.00;52.69;64.20;51.71;65.94
Gambia;69.00;70.00;71.00;70.00;79.00;75.00;62.00;88.00;80.00;85.00;86.00;87.00;83.00;87.00;89.00;91.00;94.00;;;;;;95.00;95.00;95.00;95.00;95.00;85.00;87.00;88.00;89.00;91.00;95.00;94.00;96.00;97.00;97.00;90.00;91.00;85.00;;;73.56;80.19
Georgia;;;;;;;;;;;98.80;80.90;16.00;61.10;63.00;61.10;88.00;95.00;90.00;97.00;97.00;99.90;99.10;76.00;86.00;90.00;96.00;97.00;97.00;82.70;94.30;91.00;93.00;96.50;92.00;96.00;93.00;95.00;98.00;100.00;90.91;90.11;90.05;95.00
Germany;;35.00;;;;25.00;50.00;50.00;47.00;;50.00;70.00;75.00;75.00;75.00;75.00;75.00;75.00;89.00;90.00;92.00;91.00;91.00;92.00;92.00;93.00;94.00;95.00;95.00;95.90;96.00;96.40;96.60;96.70;96.70;96.80;96.80;97.10;97.10;97.20;97.24;97.52;95.60;96.00
Ghana;16.00;23.00;21.00;1.00;;;31.00;28.00;59.00;44.00;52.00;40.00;43.00;50.00;49.00;54.00;53.00;59.00;67.00;72.60;84.00;;;80.00;83.00;83.00;85.00;95.00;86.00;93.00;93.00;91.00;88.50;89.00;92.00;89.30;89.40;95.00;92.00;92.00;;94.00;94.57;90.00
Greece;;;;;75.00;77.00;39.00;81.00;82.00;76.00;76.00;72.00;72.00;72.00;70.00;70.00;90.00;90.00;;88.00;;;;;;;;99.00;99.00;98.90;;98.90;98.90;98.90;97.30;97.30;97.30;97.30;97.30;97.30;97.30;97.30;;90.86
Grenada;;;5.00;7.00;31.00;49.00;62.00;77.00;48.00;89.00;85.00;96.00;73.00;100.00;87.00;88.00;85.00;92.00;97.00;94.00;91.93;99.00;96.00;99.24;74.60;100.00;98.00;98.00;100.00;107.60;97.10;101.70;94.00;101.80;94.00;98.59;94.90;85.00;84.00;94.00;82.82;;75.57;82.24
Guam;;;;;;97.00;;;97.00;41.00;57.00;;;;100.00;94.00;71.00;86.00;94.00;93.00;90.00;86.00;;84.00;82.00;81.00;;;;;;;51.00;51.00;;84.90;91.70;90.00;82.50;;;;;
Guatemala;23.00;8.00;12.00;9.00;24.00;23.00;55.00;24.00;55.00;60.00;68.00;49.00;59.00;71.00;66.00;83.00;69.00;74.00;79.00;83.00;86.00;91.00;92.00;94.00;95.00;93.00;95.00;86.00;96.00;91.96;92.80;89.20;93.00;91.00;68.00;98.00;89.00;94.00;89.00;90.00;89.16;88.45;85.83;88.09
Guinea;;;;;;;9.00;;;17.00;25.00;39.00;56.00;;69.00;69.00;49.00;56.00;58.00;61.00;59.00;59.00;61.00;75.00;73.00;82.00;90.00;94.00;90.00;87.11;90.00;90.00;101.00;90.00;61.80;60.00;63.50;65.00;75.00;80.00;85.00;60.00;47.00;52.00
Guinea-Bissau;;;;;;35.00;;60.00;51.00;46.00;53.00;52.00;61.00;52.00;68.00;45.00;49.00;51.00;;19.00;;48.00;47.00;61.00;80.00;80.00;60.00;80.00;64.00;79.00;78.00;78.00;90.00;89.00;81.00;90.00;71.00;66.00;79.00;79.00;90.00;93.00;63.00;63.00
Guyana;;;68.00;51.00;56.00;40.00;42.00;52.00;55.00;69.00;73.00;76.00;73.00;92.00;83.00;77.00;91.00;82.00;93.00;87.00;86.00;92.00;93.00;89.00;88.00;92.00;90.00;96.00;95.00;97.00;95.00;98.00;99.10;100.00;100.00;100.50;100.87;100.00;98.00;98.00;105.86;94.82;102.93;103.00
Haiti;;;3.00;;8.00;21.00;26.00;23.00;59.00;31.00;31.00;;24.00;24.00;24.00;32.00;;30.00;42.00;85.00;109.08;53.00;47.00;53.00;64.19;62.25;66.00;60.00;;18.79;51.43;68.80;78.70;93.26;79.07;79.48;90.49;74.93;87.98;84.13;83.51;72.89;75.84;93.69
Honduras;31.00;34.00;48.00;49.00;44.00;53.00;60.00;57.00;76.00;94.00;90.00;86.00;89.00;94.00;93.00;89.00;91.00;89.00;98.00;98.00;98.00;99.00;97.00;95.00;92.00;96.00;97.00;96.00;95.00;99.80;100.80;107.30;93.30;89.06;88.11;98.48;102.23;98.00;91.00;89.00;82.17;80.65;76.84;77.19
Hungary;99.00;99.00;99.00;99.00;99.00;99.00;99.00;100.00;99.00;99.00;99.00;100.00;100.00;99.00;99.00;100.00;100.00;100.00;100.00;100.00;100.00;100.00;99.90;;;100.00;100.00;100.00;100.00;;;;;;;;;;;;;;99.83;99.86
Iceland;;;;81.00;96.00;;95.00;;99.00;99.00;99.00;99.00;99.00;99.00;98.00;99.00;99.90;100.00;;;91.00;88.00;;93.00;93.00;90.00;95.00;95.00;96.00;92.00;93.00;94.00;90.00;91.30;90.00;93.00;91.00;92.00;93.00;93.00;92.89;91.57;91.44;91.28
India;;;;;;1.00;67.60;89.70;78.90;83.30;90.90;85.00;85.80;88.50;87.20;82.60;83.20;81.00;66.00;56.00;56.00;57.00;56.00;60.00;64.00;68.00;69.00;70.00;72.00;78.00;82.00;84.00;83.00;83.00;;87.29;88.00;90.00;100.00;95.25;88.57;89.00;95.00;93.35
Indonesia;;;;5.90;12.70;26.40;45.20;56.80;64.20;68.40;85.40;88.60;90.30;89.20;92.00;82.00;91.70;93.30;90.90;88.30;73.00;75.70;43.70;90.00;78.00;91.00;88.00;88.00;83.00;82.00;88.60;89.00;83.50;89.00;94.70;87.05;88.00;89.70;84.65;88.00;76.00;76.00;92.00;82.00
Iran (Islamic Republic of);39.00;48.00;55.00;38.00;38.00;62.00;55.00;55.00;83.00;79.00;85.00;84.00;96.00;96.00;97.00;95.00;100.00;95.00;100.00;99.00;100.00;96.00;100.00;99.00;96.00;94.00;99.00;97.00;98.00;99.00;99.00;99.00;98.00;98.00;99.00;99.00;99.00;99.00;99.00;99.00;99.00;99.75;99.00;99.70
Iraq;35.00;33.00;;;;;75.00;66.00;78.00;95.00;83.00;68.00;95.00;87.00;88.00;95.00;97.00;98.00;79.00;94.00;93.00;80.00;80.00;68.00;92.80;85.00;78.00;80.00;91.00;97.00;89.40;90.60;83.20;78.00;73.00;71.40;79.00;81.00;85.00;82.00;75.60;75.06;87.83;107.38
Ireland;;;;10.00;10.00;63.00;;;68.00;78.00;;;;;;;;;77.00;77.00;79.00;73.00;73.00;78.00;81.00;84.00;86.00;87.00;89.00;90.40;90.00;92.00;92.00;93.00;92.97;92.76;92.00;92.00;92.34;91.00;91.81;90.37;90.00;89.48
Italy;;;;;;;;;;;43.00;50.00;50.00;50.00;50.00;50.00;50.00;55.00;55.00;70.00;74.00;77.00;81.00;84.00;86.00;87.00;88.00;90.00;90.00;90.00;91.00;90.10;90.00;90.00;87.00;85.00;;;;;91.85;93.84;94.40;94.64
Jamaica;;;12.00;15.00;60.00;64.00;36.00;62.00;68.00;74.00;74.00;77.00;63.00;80.00;82.00;90.00;96.00;88.00;85.00;82.00;88.10;85.00;85.70;79.00;86.00;84.00;87.00;76.00;88.00;88.00;89.00;87.80;92.60;94.00;92.00;90.84;94.94;95.00;89.00;94.00;93.10;87.83;90.74;92.60
Japan;69.00;;66.00;;73.00;73.00;;;;77.00;66.00;71.00;69.00;68.00;;93.00;94.00;94.00;;;96.40;98.00;104.50;102.00;102.00;98.00;97.00;98.00;;;;;95.70;95.30;97.50;95.50;96.40;102.50;97.18;96.00;98.49;95.41;;
Jordan;29.00;40.00;48.00;46.00;30.00;39.00;81.00;80.00;87.00;84.00;87.00;85.00;91.00;88.00;91.00;92.00;98.00;95.00;93.00;83.00;94.00;99.00;95.00;96.00;99.00;95.00;100.00;95.00;95.00;95.00;98.00;98.00;98.00;97.00;98.00;94.00;96.00;93.00;92.00;87.00;76.45;;86.36;95.00
Kazakhstan;;;;;;;;;;;95.00;91.00;89.00;91.00;91.00;95.00;97.00;97.00;100.00;100.00;99.00;95.00;95.00;99.50;98.90;100.00;99.00;100.00;100.00;99.00;99.00;99.60;95.90;100.00;99.00;100.00;99.40;100.10;99.00;99.00;92.90;;95.00;99.80
Kenya;;;;;;63.00;65.00;;28.00;36.00;41.00;37.00;36.00;38.00;47.00;73.00;65.00;32.00;61.00;79.20;46.00;74.00;78.00;72.00;73.00;69.00;77.00;80.00;90.00;74.00;86.00;87.00;93.00;79.00;79.00;75.12;75.00;67.83;79.00;81.45;83.19;83.96;83.00;85.00
Kiribati;;;;24.00;8.00;4.00;;14.00;54.00;63.00;75.00;62.00;77.00;89.00;70.00;47.00;64.00;82.00;77.00;62.10;80.00;;;79.10;;85.00;61.00;93.00;72.00;81.50;89.00;;91.00;91.00;;84.00;;81.00;84.00;94.12;81.82;;84.64;
Kosovo (in accordance with UN Security Council resolution 1244 (1999));;;;;;;;;;;;;;;;;;;;;;;;;;;;;;;;;;;;;;;;;91.85;;87.59;91.76
Kuwait;48.00;71.00;79.00;80.00;88.00;91.00;93.00;95.00;97.00;98.00;;;;95.00;98.00;98.00;99.00;95.00;99.00;95.70;98.80;;;97.00;;110.00;;;;;98.00;99.00;99.00;;94.25;93.20;99.00;99.00;98.00;;;94.00;99.00;98.54
Kyrgyzstan;;;;;;;;;;;;94.30;94.00;92.90;88.30;97.10;98.00;98.00;98.00;99.30;97.80;98.90;98.00;99.70;99.30;99.00;97.00;99.00;99.00;;98.90;97.20;98.00;98.60;95.60;99.00;97.00;94.70;96.20;96.10;91.71;93.38;94.45;96.23
Lao People's Democratic Republic;;;;;6.00;6.00;10.00;11.00;23.00;20.00;32.00;47.00;46.00;46.00;73.00;68.00;73.00;67.00;71.00;71.00;41.80;50.00;55.00;42.00;36.00;41.00;70.00;40.00;52.00;59.00;;;71.65;82.00;87.00;99.00;87.00;92.00;92.00;88.79;85.48;79.25;81.58;86.41
Latvia;;94.00;92.00;95.00;95.00;98.00;98.00;97.00;98.00;97.00;97.00;96.00;95.00;80.00;81.00;81.00;96.00;97.00;97.00;97.00;97.00;98.00;98.00;104.00;102.00;102.00;98.00;95.00;96.00;92.00;95.00;92.00;90.00;96.00;95.00;95.99;93.25;96.44;98.00;99.00;99.00;96.52;96.22;101.33
Lebanon;;;;;;23.00;30.00;81.00;15.00;40.00;39.00;51.00;63.00;65.00;;85.00;85.00;89.00;91.00;98.90;90.00;90.00;96.00;96.00;;54.00;26.00;55.00;89.00;93.40;95.00;97.90;98.00;99.01;97.50;90.89;90.00;90.51;92.00;92.93;85.00;77.90;;91.86
Lesotho;;54.70;64.10;79.30;57.30;66.70;67.00;67.10;71.90;71.50;79.80;69.50;60.30;83.60;49.30;43.80;39.00;45.00;56.00;63.10;;63.00;53.00;55.00;59.00;67.00;80.00;80.00;80.00;70.00;70.00;61.00;60.00;61.00;58.00;66.00;60.00;76.00;61.00;101.00;85.93;90.20;84.00;76.08
Liberia;;99.00;;;;;39.00;40.00;;;;;;;;44.00;44.00;28.00;31.00;34.90;52.00;78.00;57.00;53.00;42.00;94.00;94.00;95.00;95.00;95.00;72.00;71.00;80.00;74.00;58.00;64.00;80.00;87.00;91.00;85.00;78.34;74.89;95.86;99.00
Libya;61.00;66.00;65.00;71.00;76.00;75.00;78.00;75.00;76.00;79.00;89.00;87.00;88.00;91.00;92.00;92.00;93.00;91.00;92.00;92.00;;;;;100.00;97.00;98.00;98.00;98.00;98.00;;;98.00;;98.00;98.00;97.00;;97.00;97.00;97.00;97.00;97.00;92.33
Lithuania;;;;;;;;;;;;;89.00;92.00;93.00;94.00;96.00;96.00;97.00;97.00;97.00;97.40;97.90;97.70;97.70;97.00;97.00;97.00;97.00;96.00;96.10;94.00;93.00;93.25;93.36;94.15;94.00;93.50;92.20;92.70;90.09;88.41;86.53;87.08
Luxembourg;;;;39.00;;;;77.00;71.00;80.00;80.00;80.00;80.00;;;;91.00;91.00;;;;;;95.40;95.40;95.40;95.40;96.20;96.20;96.20;96.20;96.20;99.00;99.00;99.00;99.00;99.00;99.00;98.70;96.20;99.00;99.00;;99.70
Madagascar;;;;;1.00;6.00;18.00;28.00;36.00;44.00;57.00;47.00;51.00;54.00;55.00;64.00;68.00;57.00;56.00;73.00;81.00;29.00;61.00;86.00;98.00;84.00;84.00;97.00;91.00;84.86;88.00;84.77;84.50;86.00;86.69;80.97;97.45;;85.00;91.51;87.15;76.29;68.74;77.82
Malawi;49.00;64.00;64.00;58.00;50.00;49.00;58.00;60.00;71.00;84.00;81.00;78.00;82.00;87.00;99.00;97.00;90.00;87.00;90.00;82.00;73.00;81.00;69.00;77.00;80.00;82.00;85.00;83.00;88.00;92.00;93.00;96.00;90.00;88.00;85.00;87.00;81.00;83.00;87.00;92.00;89.86;90.00;82.00;87.00
Malaysia;;;;11.00;23.00;20.00;34.60;67.90;61.00;61.00;70.00;80.00;82.00;81.00;85.00;86.00;86.00;86.00;86.00;87.00;88.00;92.00;76.00;94.00;71.00;96.00;95.00;95.00;95.00;95.00;95.00;95.00;95.00;;;93.00;95.75;;;97.00;95.00;96.00;103.42;107.51
Maldives;;39.00;34.00;;;47.00;50.00;41.00;83.00;88.00;96.00;97.00;98.00;86.00;97.00;96.00;95.00;96.00;98.00;99.00;99.00;98.00;97.00;96.00;97.00;97.00;97.00;97.00;97.00;98.00;97.00;;98.00;99.40;100.00;99.30;99.40;99.80;99.70;98.90;154.84;97.44;98.00;98.69
Mali;;;;;;19.00;6.00;11.00;23.00;40.00;43.00;39.00;35.00;51.00;46.00;52.00;57.00;56.00;60.00;46.00;55.00;61.00;64.00;68.00;75.00;86.00;86.00;87.00;97.00;86.00;89.00;82.00;85.00;72.00;72.00;86.00;73.97;73.97;72.00;70.00;69.80;92.00;77.40;77.40
Malta;;;;;10.00;10.00;;59.00;41.00;86.00;80.00;90.00;92.00;90.00;;51.00;51.00;;60.00;;74.10;;65.00;90.00;94.00;86.00;94.00;79.00;78.00;82.00;72.55;83.60;92.70;98.50;98.06;88.98;92.60;91.36;96.00;96.02;95.44;90.29;95.94;94.81
Marshall Islands;;;;;;;;31.00;25.00;;52.00;74.00;86.00;36.00;59.00;57.00;69.00;52.00;93.00;93.00;94.00;89.00;80.00;90.00;70.00;86.00;96.00;94.00;;78.11;96.83;;78.00;70.32;79.00;75.00;74.90;83.47;83.00;85.00;89.01;84.73;80.98;87.78
Mauritania;;45.00;;;;;40.00;27.00;26.00;30.00;38.00;32.00;43.00;49.00;53.00;53.00;53.00;20.00;;55.88;;;81.00;71.00;64.00;61.00;62.00;67.00;65.00;59.39;67.12;67.00;75.00;80.00;84.00;69.90;83.00;85.93;85.93;87.00;89.00;89.00;85.00;91.64
Mauritius;;;34.00;53.00;55.00;67.00;71.00;69.00;73.00;80.00;76.00;88.00;84.00;84.00;85.00;89.00;61.00;87.00;85.00;80.00;83.90;;;101.00;98.00;98.00;99.00;98.00;98.00;99.00;99.00;99.00;99.00;99.00;98.00;99.00;92.00;89.00;99.00;99.00;98.00;97.00;98.00;96.00
Mexico;35.00;33.00;37.00;23.00;21.00;64.00;60.00;54.00;70.00;85.00;75.00;89.00;88.00;79.00;90.00;90.00;93.00;90.00;96.00;95.00;95.90;95.20;95.70;96.44;96.42;96.00;96.00;96.00;95.50;96.00;95.20;98.41;98.80;88.62;98.00;100.94;96.50;76.00;97.00;73.00;104.08;103.08;85.79;76.35
Micronesia (Federated States of);;;;;;;;69.00;84.00;94.00;81.00;76.00;;80.00;83.00;90.00;;74.00;82.00;79.00;85.00;84.00;;91.00;85.00;96.00;83.00;92.00;86.00;86.00;80.00;92.00;90.85;91.31;93.90;74.00;70.00;76.00;73.00;78.00;78.65;64.49;71.80;85.67
Monaco;;;;;;;;;100.00;100.00;100.00;98.00;;;;;;;;100.00;;;85.00;;;;;;;;;;;;;;;88.00;88.00;88.00;;88.00;88.00;
Mongolia;17.00;;;1.00;20.00;18.00;11.00;61.00;70.00;86.00;92.00;82.00;84.00;84.00;80.00;85.00;89.00;91.00;93.00;93.00;92.00;95.00;98.00;98.00;99.00;97.00;99.00;98.00;97.00;93.83;96.90;98.10;98.80;97.05;98.30;98.10;98.50;99.50;98.70;98.00;97.20;95.25;94.47;96.22
Montenegro;;;;;;;;;;;;;;;;;;;;;;;;;;;90.00;90.00;89.00;85.90;90.00;90.70;90.30;88.00;76.10;64.00;46.58;57.83;42.10;;23.88;18.27;32.86;23.87
Montserrat;;;83.00;83.00;88.00;41.00;55.00;78.00;86.00;89.00;99.00;99.00;99.00;99.00;99.00;99.00;99.00;99.00;100.00;99.00;91.67;89.00;;99.00;;;;;;;;;;;;;;100.00;96.00;120.00;;112.73;100.00;120.00
Mozambique;;32.00;58.00;51.00;50.00;39.00;39.00;37.00;44.00;58.00;59.00;55.00;56.00;62.00;65.00;71.00;67.00;70.00;87.00;90.00;97.00;;;;60.00;75.00;98.00;75.00;85.00;67.00;70.00;81.50;81.50;85.00;87.00;85.00;;99.00;95.00;95.00;83.00;83.00;;85.00
Myanmar;;;;;;;5.00;17.00;32.00;50.00;68.00;85.00;84.00;88.00;77.00;82.00;86.00;88.00;89.00;85.00;84.00;78.00;75.30;75.00;78.00;72.00;78.00;81.00;82.00;87.00;88.00;88.00;84.00;86.00;88.00;84.00;91.00;83.00;93.00;84.00;91.38;43.85;75.05;73.76
Namibia;;;;;;;;;;;57.00;71.00;76.00;71.00;70.00;68.00;61.00;59.00;64.00;65.20;69.00;58.00;;70.00;70.00;73.00;63.00;69.00;73.00;76.00;75.00;74.00;76.00;82.00;83.00;85.00;85.00;85.00;86.00;80.00;90.00;91.38;100.80;101.00
Nepal;;2.00;2.00;11.00;24.00;34.00;37.00;37.00;58.00;57.00;68.00;64.00;64.00;61.00;61.00;71.00;80.00;85.00;73.00;81.00;76.90;70.60;71.00;75.00;73.00;74.00;85.00;81.00;79.00;90.00;86.00;88.00;86.00;88.00;88.00;85.00;82.67;90.00;91.00;92.00;87.00;90.00;90.00;93.00
Netherlands (Kingdom of the);91.00;91.30;92.30;92.50;92.10;92.20;92.70;92.90;93.50;94.00;93.80;94.30;94.90;94.00;93.90;93.90;95.80;96.10;95.80;95.60;95.60;95.40;95.20;95.80;96.30;95.40;95.90;96.00;96.20;96.20;95.90;95.94;96.10;96.00;95.51;94.80;93.78;92.91;92.90;93.59;93.63;92.75;89.35;88.79
New Caledonia;;;;;8.00;15.00;;;;;;;;;;91.00;;41.00;78.00;;;;;;;;;98.60;;;;;96.40;96.40;96.40;96.00;96.00;96.00;97.40;;;;97.00;
New Zealand;80.00;;;71.00;;;60.00;67.00;;;90.00;82.00;82.00;;87.00;84.00;;100.00;81.00;83.00;85.20;85.20;;;;82.00;82.00;79.00;86.00;89.00;91.27;93.25;92.41;92.41;92.57;93.00;92.00;93.33;91.86;91.76;91.49;91.07;89.97;88.94
Nicaragua;15.00;20.00;40.00;41.00;56.00;59.00;51.00;47.00;63.00;63.00;82.00;54.00;73.00;83.00;81.00;81.00;90.00;94.00;99.00;97.00;104.00;102.00;98.00;93.00;84.20;96.00;98.00;105.00;109.00;104.30;105.00;109.00;114.30;113.50;113.00;115.67;114.04;118.31;113.00;116.00;114.31;99.75;109.54;100.58
Niger;;19.00;;;;;;;12.00;14.00;38.00;46.00;42.00;20.00;27.00;45.00;58.00;42.00;31.00;28.00;27.00;53.00;47.00;64.00;74.00;83.00;104.00;67.00;80.00;87.00;89.00;94.00;91.00;92.00;88.00;89.00;76.00;82.00;77.00;79.00;79.00;80.00;65.00;80.00
Nigeria;;55.00;;;17.00;9.00;17.00;24.00;42.00;31.00;48.00;57.00;43.00;34.00;50.00;44.00;38.00;38.00;26.00;;30.00;;;;40.00;38.00;112.00;86.00;68.00;81.00;85.00;93.00;78.00;73.00;73.00;43.10;43.10;42.00;62.60;54.00;54.00;59.00;60.00;60.00
Niue;77.00;;;;52.00;52.00;;94.00;94.00;100.00;;100.00;;100.00;;34.00;100.00;100.00;;100.00;100.00;;100.00;;100.00;100.00;100.00;99.00;100.00;100.00;100.00;100.00;100.00;100.00;;100.00;100.00;100.00;100.00;100.00;;;100.00;100.00
North Macedonia;;;;;;;;;;;;;;98.00;88.00;97.00;91.00;98.00;96.00;98.00;97.10;92.20;97.80;96.30;96.40;96.00;94.00;96.00;98.00;95.80;98.10;97.45;96.00;96.00;93.30;88.80;82.10;82.60;74.80;;62.96;70.41;70.68;73.37
Northern Mariana Islands;;;;;;;;;1.00;;;;;;;84.00;;94.00;97.00;93.00;70.00;;;92.00;82.00;;;71.00;;;;;;;;;62.00;;73.00;75.27;78.89;85.62;85.30;86.31
Norway;;;;80.00;80.00;90.00;87.00;87.00;87.00;84.00;87.00;94.00;96.00;93.00;94.00;92.00;92.00;93.00;;;88.00;90.00;87.00;86.00;89.00;90.00;92.00;92.00;93.00;93.00;93.00;93.00;94.00;93.00;94.00;95.00;96.00;96.00;96.00;97.00;96.70;96.56;96.17;95.82
occupied Palestinian territory, including east Jerusalem;;;;;;;;;;;;;;;;73.00;95.00;96.00;92.00;92.00;93.00;98.00;94.00;100.00;96.00;101.00;99.00;101.00;96.00;;;;;;;;;100.00;100.00;100.00;;;96.50;89.32
Oman;22.00;10.00;24.00;34.00;53.00;65.00;79.00;86.00;87.00;94.00;98.00;96.00;96.00;95.00;97.00;97.50;98.00;98.00;98.00;98.70;99.78;99.99;99.00;97.89;;98.00;96.00;97.00;102.00;;;;;;;100.00;;100.00;100.00;100.00;100.00;100.00;97.00;99.81
Pakistan;1.00;2.00;3.00;19.00;33.00;23.00;41.00;52.00;55.00;64.00;76.00;77.00;76.00;71.00;64.00;56.00;78.00;74.00;76.00;81.00;75.00;75.00;63.00;61.00;67.00;78.00;80.00;57.00;56.00;56.00;57.00;59.00;63.00;68.00;71.00;75.00;75.00;76.00;66.00;80.60;83.00;81.00;82.00;84.00
Palau;;;;;;;98.00;98.00;100.00;98.00;;98.00;94.00;32.00;41.00;100.00;99.00;83.00;74.00;96.00;83.00;;99.00;;100.00;98.00;98.00;91.00;97.00;;39.00;;91.00;98.65;83.00;95.00;96.00;84.72;90.00;97.00;93.22;92.94;96.00;96.06
Panama;71.00;76.00;64.00;85.00;72.00;83.00;74.00;78.00;73.00;73.00;73.00;80.00;76.00;83.00;84.00;84.00;90.00;92.00;96.00;90.00;97.00;95.00;103.00;95.00;106.00;99.00;95.00;84.00;100.00;85.00;104.70;96.70;98.20;92.00;90.00;102.21;100.94;98.00;105.00;97.00;79.52;92.27;86.77;88.29
Papua New Guinea;;;;1.00;26.00;54.00;39.00;37.00;46.00;52.00;;;89.00;28.00;36.00;42.00;24.00;50.00;61.00;62.00;62.00;56.00;61.00;63.00;60.00;;65.00;58.00;54.00;58.00;59.00;60.00;67.00;70.00;65.00;60.00;51.00;43.00;42.00;32.68;43.64;35.08;40.93;52.43
Paraguay;19.00;16.00;27.00;37.00;62.00;48.00;46.00;56.00;63.00;53.00;71.00;75.00;87.00;96.00;76.00;75.00;82.00;61.00;100.00;74.00;92.00;90.00;86.00;90.78;89.00;90.00;88.00;80.00;77.00;71.40;76.70;76.30;74.00;75.40;72.40;65.60;91.00;80.00;81.00;75.00;67.85;56.30;42.15;101.00
Peru;23.00;26.00;32.00;28.00;35.00;53.00;41.00;56.00;52.00;52.00;64.00;60.00;83.00;76.00;75.00;99.00;87.00;91.00;93.00;92.00;;97.30;95.20;94.71;89.49;80.00;100.00;95.00;90.20;91.08;93.90;95.86;93.81;84.69;88.56;92.40;89.42;81.53;97.54;85.00;77.09;78.40;74.01;84.40
Philippines;;;9.00;27.00;44.00;49.00;51.00;67.00;77.00;83.00;85.00;88.00;90.00;88.00;87.00;83.00;90.00;90.00;87.00;;80.00;81.00;82.00;87.00;92.00;92.00;92.00;92.00;92.00;88.00;87.00;77.00;80.00;77.00;75.00;79.00;75.00;70.00;67.00;75.00;77.00;57.08;68.94;73.83
Poland;92.00;93.00;93.00;94.00;94.00;92.00;92.00;94.00;95.00;95.00;95.00;94.00;95.00;95.00;96.00;96.00;97.00;97.00;97.00;97.00;97.00;97.00;98.00;97.00;97.40;98.00;99.00;98.00;98.00;98.00;98.20;98.00;97.90;97.50;97.00;96.30;95.50;94.00;92.90;92.60;91.90;90.80;90.90;
Portugal;54.00;49.00;46.00;48.00;48.00;70.00;75.00;81.00;84.00;96.00;85.00;96.00;99.00;95.00;91.00;94.00;99.00;96.00;96.00;;;;91.90;96.30;95.00;93.00;97.00;95.00;97.00;95.00;96.00;97.00;97.00;98.00;97.80;98.00;97.80;98.30;98.80;98.80;98.80;98.40;98.40;98.40
Qatar;26.00;10.00;22.00;69.00;62.00;62.00;62.00;60.00;73.00;79.00;79.00;84.00;86.00;86.00;86.00;87.00;90.00;87.00;89.00;87.00;91.00;92.00;100.00;93.00;99.00;100.00;99.00;92.00;;100.00;99.00;114.50;96.62;97.00;100.00;100.00;100.00;100.00;99.00;;89.55;99.55;99.62;99.60
Republic of Korea;4.00;5.00;5.00;;;89.00;89.00;82.00;70.00;95.00;93.00;;;;92.00;93.00;;85.00;85.00;;95.00;;;96.00;99.50;100.00;100.00;92.00;92.00;93.00;98.00;99.20;99.40;99.60;99.60;97.70;98.00;;97.80;97.90;98.00;98.00;97.00;97.00
Republic of Moldova;94.00;78.00;83.00;89.00;95.00;98.00;96.00;95.00;93.00;94.00;94.00;93.00;73.00;64.00;85.00;91.00;90.00;95.00;93.00;93.00;89.00;94.00;94.00;96.00;96.00;97.00;96.00;96.00;95.00;91.30;97.10;91.00;90.80;90.80;89.80;88.90;87.70;92.91;93.00;96.92;84.26;83.19;84.19;85.00
Romania;;;;83.00;;88.00;81.00;90.00;78.00;90.00;92.00;92.00;91.00;93.00;91.00;93.10;93.90;97.00;97.00;98.20;97.80;97.80;98.20;97.00;97.10;97.00;95.00;97.00;;;95.00;93.20;93.60;92.10;89.30;85.70;85.80;86.50;89.60;89.50;87.30;86.20;83.40;78.00
Russian Federation;;;;;;;;;;;81.00;78.70;82.60;88.20;81.10;85.40;88.50;91.00;94.00;96.90;97.00;97.11;97.92;97.68;98.40;99.00;99.00;99.00;99.00;98.50;98.30;98.20;98.01;98.00;97.78;97.93;97.72;97.69;97.56;97.66;97.28;97.34;97.44;96.78
Rwanda;;42.00;;;;52.00;63.00;74.00;69.00;58.00;55.00;89.00;81.00;74.00;;88.00;76.00;66.00;;78.00;57.00;69.00;69.00;;84.00;89.00;95.00;101.00;92.00;95.00;95.00;95.00;102.00;99.32;97.00;101.02;95.00;101.65;99.00;95.83;96.00;87.00;;95.67
Saint Kitts and Nevis;;;;;85.00;91.00;96.00;91.00;77.00;90.00;100.00;100.00;99.00;100.00;100.00;99.00;100.00;97.00;100.00;99.00;100.00;90.00;100.00;98.00;98.00;100.00;100.00;99.00;99.00;102.50;101.50;102.10;95.40;99.00;93.00;95.40;98.00;93.00;96.00;97.00;95.44;96.01;94.69;95.26
Saint Lucia;;;43.00;36.00;60.00;68.00;91.00;81.00;83.00;91.00;82.00;97.00;75.00;94.00;92.00;94.00;95.00;95.00;90.00;95.00;88.00;89.00;98.00;90.00;95.00;94.00;94.00;94.00;100.00;101.10;95.10;91.00;103.00;101.30;102.00;96.52;104.98;87.00;86.00;96.00;89.40;76.67;81.27;84.60
Saint Vincent and the Grenadines;;;40.00;59.00;92.00;74.00;88.00;91.00;97.00;100.00;96.00;100.00;100.00;99.00;100.00;100.00;100.00;100.00;100.00;87.00;96.22;98.00;99.20;94.00;99.00;97.00;100.00;105.00;107.00;104.00;99.70;102.70;93.60;99.60;101.00;112.22;99.90;101.00;101.00;113.00;113.00;95.75;98.97;90.35
Samoa;;;59.00;78.00;83.00;81.00;91.00;78.00;75.00;82.00;89.00;77.00;90.00;;94.00;96.00;96.00;99.00;100.00;91.00;93.00;92.00;;;25.00;57.00;54.00;63.00;45.00;49.00;60.60;67.00;84.63;98.70;;78.00;77.00;80.00;40.00;96.00;65.53;62.00;;
San Marino;;;;;;;;;;;;100.00;100.00;96.00;;;;;;;;;95.80;94.20;93.90;94.30;89.70;89.70;85.70;87.50;88.00;89.90;84.30;82.00;80.60;84.30;82.40;;89.00;85.70;89.96;;;
Sao Tome and Principe;;25.00;;;48.00;35.00;58.00;69.00;69.00;45.00;71.00;77.00;52.00;57.00;;74.00;57.00;60.00;59.00;;68.91;;;87.00;91.00;88.00;85.00;86.00;93.00;90.00;92.50;91.30;92.00;91.00;92.00;92.60;93.00;90.00;95.00;95.00;;77.48;;86.50
Saudi Arabia;8.00;12.00;53.00;65.00;71.00;79.00;77.00;77.00;81.00;90.00;88.00;95.00;88.00;91.00;93.00;94.00;92.00;92.00;93.00;92.00;94.00;94.00;96.70;96.30;96.70;97.00;95.00;96.00;97.00;97.90;98.20;98.20;97.90;97.90;98.20;97.60;98.00;96.00;98.00;95.40;95.90;98.00;98.01;96.61
Senegal;;;;;;40.00;;;51.00;68.00;57.00;46.00;43.00;46.00;50.00;80.00;70.00;65.00;62.00;60.00;47.90;48.00;54.00;60.00;57.00;74.00;80.00;84.00;77.00;79.00;60.00;82.00;82.00;84.00;80.00;80.00;93.00;89.90;82.00;96.00;95.00;94.14;87.00;76.00
Serbia;;95.00;;95.00;90.00;91.00;92.00;92.00;93.00;90.00;83.00;75.50;81.80;84.90;80.80;86.00;90.10;92.00;;84.40;89.20;90.50;92.30;87.20;89.00;96.00;88.00;95.00;92.00;95.00;95.00;92.60;87.00;92.00;85.60;86.50;82.20;86.00;92.50;86.60;78.10;74.80;81.30;84.47
Seychelles;;29.00;;;77.00;90.00;95.00;100.00;89.00;;86.00;;92.00;;92.00;97.00;98.00;100.00;93.00;99.00;;95.00;98.00;100.00;100.00;100.00;100.00;100.00;100.00;97.00;99.00;101.00;98.00;97.00;99.87;97.50;97.20;99.00;96.00;99.00;96.60;94.34;98.38;93.47
Sierra Leone;36.00;28.00;23.00;49.00;66.00;;;;33.00;;75.00;54.00;61.00;67.00;44.00;43.00;79.00;28.00;68.00;40.00;43.00;50.00;62.00;73.00;64.00;67.00;95.00;82.00;88.00;93.00;70.00;75.00;88.00;85.00;80.00;78.00;85.00;80.00;90.00;93.00;86.78;87.00;90.00;107.28
Singapore;47.00;57.00;78.00;88.00;85.00;75.00;85.00;94.00;87.00;81.00;84.00;92.00;89.00;87.00;94.86;97.29;97.43;97.62;96.28;96.82;96.25;94.63;93.88;93.22;95.31;95.59;94.52;95.00;95.00;95.00;95.00;95.00;95.00;95.00;95.00;95.00;94.56;95.41;95.00;;;;;96.90
Slovakia;;;;;;;;;;;;;;;99.00;99.00;99.00;99.00;99.00;99.00;98.00;98.60;98.60;98.60;99.00;98.00;98.00;99.00;99.00;99.00;98.50;98.30;98.90;98.00;96.60;95.20;95.20;95.80;96.10;96.20;96.00;95.42;94.69;94.43
Slovenia;85.20;87.40;83.00;86.90;89.90;89.30;88.50;91.00;90.80;90.60;90.00;80.50;90.00;90.00;91.00;93.00;93.00;82.00;93.00;98.00;95.00;94.00;93.00;94.00;94.00;94.00;96.00;96.00;96.00;95.00;95.00;95.50;95.00;94.00;94.00;93.50;92.30;93.20;93.10;93.60;94.30;95.30;95.80;95.00
Solomon Islands;;;;;;;31.00;58.00;69.00;92.00;70.00;76.00;;64.00;60.00;68.00;90.00;68.00;64.00;96.20;;78.00;;70.00;72.00;70.00;84.00;78.00;60.00;60.00;;73.37;84.80;75.89;75.88;75.25;82.00;84.30;93.00;81.00;81.00;67.30;90.31;67.83
Somalia;9.00;2.00;4.00;6.00;16.00;34.00;25.00;29.00;33.00;30.00;;;;;;;;25.00;47.00;26.00;16.00;16.00;45.00;40.00;40.00;35.00;36.00;35.00;34.00;65.00;68.00;79.00;49.00;29.00;70.00;;45.00;60.00;70.00;71.00;69.90;;90.68;
South Africa;;;;74.00;70.00;70.00;64.00;75.00;68.00;84.00;79.00;85.00;85.00;77.00;;76.00;76.00;76.00;82.00;82.20;95.00;72.00;78.00;83.00;62.00;82.91;85.72;84.48;88.10;91.18;84.78;88.53;89.11;87.30;91.73;97.41;96.00;81.20;80.65;83.00;83.95;87.39;86.41;79.70
South Sudan;;;;;;;;;;;;;;;;;;;;;;;;;;;;40.00;30.00;50.00;64.00;64.00;70.00;55.00;52.00;70.00;51.00;75.00;48.70;;53.07;83.00;65.61;80.00
Spain;;8.00;27.00;40.00;68.00;79.00;83.00;85.00;84.00;97.00;99.00;85.00;83.00;90.00;90.00;90.00;90.00;93.00;93.00;95.00;94.00;96.00;97.00;98.00;97.00;97.00;97.00;97.00;98.00;97.50;95.10;96.80;97.40;95.30;96.10;96.10;96.52;98.00;97.88;97.90;96.28;95.38;96.08;96.13
Sri Lanka;;;;;3.00;20.00;45.00;60.00;68.00;76.00;80.00;79.00;82.00;86.00;84.00;87.00;89.00;94.00;94.00;95.00;99.20;104.50;99.00;99.50;96.00;99.00;99.00;98.00;98.00;97.00;99.00;99.00;99.00;99.00;99.00;99.00;99.00;99.00;99.00;99.00;95.66;96.57;98.82;98.76
Sudan;;1.00;1.00;2.00;3.00;6.00;10.80;22.10;34.20;33.50;57.00;56.70;51.90;49.10;76.30;71.60;75.00;92.00;62.00;78.60;60.00;79.70;61.80;70.00;72.00;73.00;76.00;80.00;80.00;82.60;86.26;87.30;85.00;85.00;86.20;87.00;86.50;89.80;87.90;90.00;85.68;;;
Suriname;;39.00;17.00;71.00;79.00;73.00;78.00;70.00;83.00;73.00;65.00;84.00;61.00;61.00;72.00;83.00;87.00;79.00;82.00;85.00;71.00;90.00;73.00;69.00;86.39;91.00;83.00;85.00;86.00;88.20;90.00;85.20;73.00;93.40;85.00;94.20;97.25;97.00;98.00;85.00;65.99;79.07;95.02;92.08
Sweden;88.00;92.00;91.00;93.00;94.00;94.00;94.00;94.00;95.00;95.00;96.00;96.00;96.00;97.00;97.00;97.00;96.00;96.00;94.00;89.00;91.00;94.00;95.00;95.00;96.00;96.00;97.00;96.00;96.00;96.70;96.50;96.40;97.20;97.40;97.30;97.50;96.70;96.70;97.00;97.20;97.10;97.20;92.50;93.10
Switzerland;;;;;;;70.00;;70.00;90.00;90.00;83.00;83.00;83.00;83.00;83.00;83.00;83.00;81.00;82.00;82.00;82.00;82.00;82.00;82.00;87.00;87.00;87.00;92.00;92.00;92.00;93.00;93.00;93.00;94.00;94.13;93.63;95.11;95.00;95.30;97.10;95.00;96.00;95.00
Syrian Arab Republic;13.00;14.00;22.00;19.00;23.00;27.00;64.00;37.00;52.00;86.00;87.00;84.00;84.00;86.00;84.00;90.00;95.00;93.00;97.00;97.00;96.00;93.00;98.00;98.00;98.00;98.00;98.00;98.00;98.00;99.00;99.00;97.00;78.00;83.00;71.00;70.00;79.00;84.00;80.00;82.00;76.08;75.97;58.48;80.22
Tajikistan;86.00;82.00;96.00;98.00;64.00;98.00;99.00;96.00;95.00;68.00;95.00;77.00;79.00;92.00;84.00;81.00;90.00;95.00;94.00;90.00;98.00;97.00;97.00;98.00;98.00;95.00;96.00;85.00;86.00;;;;;;98.10;97.00;97.00;98.10;97.80;98.00;98.12;97.32;98.12;97.65
Thailand;;;;;5.00;22.00;30.00;52.00;56.00;59.00;70.00;75.00;74.00;69.00;64.00;85.00;92.00;;;96.00;94.00;94.00;94.20;96.00;96.10;96.00;96.00;96.00;98.00;98.10;98.10;98.10;98.10;98.70;99.00;98.70;98.70;98.70;96.09;96.09;;;86.20;
Timor-Leste;;;;;;;;;;;;;;;;;;;;;;;;60.00;55.00;48.00;61.00;63.00;73.00;69.70;66.00;62.00;73.00;70.00;74.20;95.00;90.00;92.00;77.30;85.00;79.00;82.48;88.41;
Togo;;;;;;;;57.00;66.00;56.00;65.00;66.00;64.00;63.00;59.00;39.00;25.00;41.00;34.00;46.75;43.00;33.00;48.00;72.00;70.00;70.00;83.00;80.00;77.00;84.00;84.00;85.00;71.70;71.70;82.00;85.00;87.00;91.00;85.00;89.00;83.49;83.57;85.39;86.41
Tokelau;;;;;;;96.00;;;;99.00;98.00;100.00;99.00;;99.00;99.00;87.00;100.00;100.00;100.00;;;41.00;82.00;100.00;;100.00;;100.00;95.00;100.00;100.00;100.00;100.00;100.00;;;;98.00;94.00;95.00;;
Tonga;;9.00;44.00;67.00;43.00;81.00;37.00;88.00;81.00;;86.00;90.00;87.00;87.00;86.00;94.00;95.00;97.00;96.00;96.80;;93.40;;99.20;99.60;100.00;99.00;100.00;100.00;99.00;99.00;99.40;95.00;99.60;95.00;99.00;98.00;99.00;99.00;99.00;;99.53;99.53;100.00
Trinidad and Tobago;;;;;10.00;32.00;42.00;68.00;72.00;59.00;71.00;93.00;83.00;87.00;86.00;84.00;88.00;88.00;90.00;88.00;89.73;91.00;87.00;88.00;94.00;93.00;89.00;91.00;91.00;94.40;92.00;92.00;85.00;90.60;96.00;89.04;85.58;93.00;90.00;99.00;91.08;93.30;92.09;89.74
Tunisia;65.00;65.00;43.00;42.00;55.00;65.00;67.00;74.00;83.00;83.00;88.00;82.00;94.00;90.00;87.00;91.00;86.00;92.00;94.00;99.00;84.60;92.20;94.00;90.00;95.00;96.00;98.00;98.00;98.00;98.00;97.00;96.00;96.00;94.00;98.00;98.00;96.00;98.00;96.00;98.00;98.00;95.00;95.00;96.00
Türkiye;27.00;52.00;64.00;30.00;;;34.00;50.00;59.00;67.00;67.00;73.00;74.00;72.00;76.00;65.00;85.00;76.00;79.00;80.00;86.00;90.00;82.00;75.00;81.00;91.00;98.00;96.00;97.00;97.00;97.00;98.00;96.00;98.00;94.00;97.00;98.00;96.00;96.00;96.98;95.04;96.10;95.21;95.17
Turkmenistan;;;;;;;;;;;;;76.00;84.00;90.00;92.00;98.00;100.00;99.00;97.20;96.50;97.60;88.00;97.10;97.30;99.00;99.00;99.00;99.00;99.40;99.30;99.00;98.80;99.00;99.30;99.60;99.00;99.00;98.60;98.80;98.30;97.40;98.30;98.90
Turks and Caicos Islands;;;6.00;32.00;44.00;57.00;49.00;92.00;92.00;91.00;81.00;99.00;59.00;96.00;94.00;99.00;99.00;99.00;99.00;94.00;100.00;;;92.00;;;;;;;;;;;;;;88.00;92.00;96.00;95.28;86.24;94.35;99.63
Tuvalu;;;;65.00;71.00;92.00;65.00;65.00;90.00;79.00;95.00;63.00;66.00;64.00;;94.00;94.00;100.00;96.00;94.00;81.00;100.00;99.00;95.00;97.00;62.00;84.00;95.00;93.00;90.00;84.80;97.80;97.64;96.01;93.60;94.00;96.00;94.60;88.20;96.30;92.83;93.30;90.04;97.51
Uganda;;22.00;;;;17.00;32.00;48.00;49.00;60.00;74.00;74.00;68.00;73.00;79.00;82.00;70.00;64.00;59.00;63.00;61.00;63.00;77.00;83.00;91.00;86.00;89.00;86.00;77.00;81.00;73.00;75.00;82.00;97.00;96.00;94.00;90.00;83.00;80.00;78.00;95.21;90.00;111.30;83.00
Ukraine;;;;;;;;;;;;;90.00;94.00;96.00;97.00;92.00;97.00;96.00;99.00;98.80;98.76;98.90;99.02;99.00;96.00;98.00;97.00;94.00;;56.10;67.00;79.00;;;56.12;42.47;85.50;91.00;93.20;84.90;88.50;74.09;92.36
United Arab Emirates;34.00;42.00;41.00;51.00;53.00;49.00;67.00;56.00;65.00;78.00;;82.00;85.00;90.00;90.00;90.00;90.00;95.00;95.00;96.00;94.00;94.00;94.00;94.00;94.00;92.00;92.00;92.00;;;94.00;;110.80;;138.00;100.00;100.00;99.00;100.00;100.00;99.53;99.00;98.00;98.00
United Kingdom of Great Britain and Northern Ireland;;52.00;55.00;58.00;62.00;;71.00;76.00;76.00;84.00;89.00;90.00;92.00;92.00;92.00;92.00;92.00;91.00;87.00;88.00;88.00;85.00;85.00;82.00;81.00;82.00;85.00;86.00;86.00;86.00;89.00;90.00;92.00;93.00;93.00;92.80;92.00;92.00;92.00;91.00;91.08;90.90;89.80;89.80
United Republic of Tanzania;46.00;51.00;50.00;60.00;55.00;66.00;97.00;78.00;83.00;79.00;80.00;79.00;81.00;77.00;79.00;78.00;78.00;73.00;72.00;72.00;78.00;86.00;89.00;97.00;94.00;91.00;93.00;90.00;88.00;91.00;92.20;95.00;97.00;99.00;99.00;99.00;90.00;99.00;99.00;99.00;95.00;92.00;97.00;99.00
United States of America;86.00;97.00;97.00;98.00;98.00;97.00;97.00;82.00;98.00;;;82.00;83.00;84.00;89.00;88.00;91.00;91.00;92.00;92.00;91.00;91.00;91.30;92.60;93.00;92.00;92.00;92.00;92.00;90.00;90.20;91.50;91.00;92.00;92.00;91.50;91.90;91.00;91.50;90.40;90.70;91.60;91.60;
Uruguay;50.00;95.00;52.00;65.00;66.00;59.00;79.00;88.00;72.00;82.00;97.00;96.00;92.00;90.00;90.00;90.00;89.00;92.00;96.00;99.00;89.00;93.50;95.00;95.00;95.00;95.00;94.00;96.00;95.00;95.10;94.80;95.30;96.20;95.50;96.00;96.00;95.07;;97.00;96.00;95.49;93.08;95.69;95.92
Uzbekistan;;;;;73.00;92.00;90.00;89.00;90.00;81.00;85.00;84.00;84.00;82.00;71.00;81.00;95.00;96.00;95.00;96.00;99.00;99.00;97.00;98.80;98.50;99.00;98.00;98.00;98.00;95.40;;99.90;99.90;97.40;99.90;99.90;99.90;99.80;96.00;97.50;99.82;98.83;99.57;99.40
Vanuatu;;;20.00;23.00;18.00;26.00;22.00;34.00;46.00;50.00;66.00;63.00;66.00;74.00;53.00;60.00;61.00;65.00;94.00;94.00;94.00;94.00;44.00;48.00;;70.00;99.00;65.00;;80.00;82.00;;94.15;64.66;90.00;76.00;84.00;80.00;75.00;80.00;;50.00;70.00;97.00
Venezuela (Bolivarian Republic of);50.00;43.00;45.00;42.00;51.00;56.00;48.00;54.00;51.00;50.00;62.00;63.00;61.00;62.00;94.00;47.00;64.00;68.00;92.00;84.00;84.00;98.00;83.00;83.00;80.00;76.00;95.00;65.00;93.00;87.00;79.00;86.34;87.13;84.89;89.34;91.57;88.28;96.00;74.00;93.00;76.17;67.99;;68.10
Viet Nam;;;1.00;3.00;4.00;19.00;39.00;36.00;56.00;76.00;88.00;88.00;90.00;93.00;96.00;95.00;96.00;96.00;96.00;94.00;97.00;98.00;96.00;93.00;97.00;95.00;93.00;83.00;92.00;;;;;;;;;;;;;89.02;87.73;81.96
Yemen;2.00;4.00;4.00;6.00;8.00;13.00;15.00;22.00;34.00;48.00;74.00;57.00;46.00;51.00;45.00;53.00;50.00;48.00;66.00;74.00;71.00;73.00;64.00;66.00;76.00;76.00;68.00;74.00;73.00;69.00;73.00;70.83;71.00;78.00;74.93;75.00;77.97;73.00;72.00;75.00;76.00;79.00;81.00;73.41
Zambia;;;;;49.00;;36.00;65.00;66.00;59.00;68.00;89.00;60.00;61.00;89.00;85.00;93.00;69.00;;72.00;85.00;;;;81.00;79.00;90.00;97.00;89.00;92.00;97.00;83.00;95.00;80.00;85.00;90.00;99.00;96.00;94.00;93.00;96.00;90.40;99.90;80.30
Zimbabwe;;56.00;;;62.00;78.00;74.00;80.00;81.00;79.00;76.00;87.00;72.00;72.00;79.00;83.00;77.00;73.00;65.00;79.00;70.00;68.00;60.00;80.00;80.00;85.00;90.00;80.00;70.00;;90.00;92.00;97.00;93.00;92.40;94.00;95.00;90.00;88.00;85.00;84.91;;90.00;90.00
Israel;81.00;83.00;88.00;85.00;85.00;85.00;88.00;88.00;86.00;88.00;91.00;94.00;94.00;92.00;92.00;93.00;96.00;97.00;97.00;97.00;97.00;96.00;98.00;96.00;97.00;94.00;96.00;97.00;98.00;97.00;96.00;97.00;96.00;98.00;97.00;98.00;97.00;98.00;98.40;99.00;98.77;98.80;98.09;
Nauru;;;;;;;;;;;;;;;;;;100.00;90.00;;8.00;95.00;;;87.00;80.00;100.00;100.00;100.00;100.00;100.00;100.00;96.00;;65.00;98.00;98.00;95.00;100.00;95.00;98.21;101.83;;
Curaçao;;;;;;;;;;;;;;;;;;;;;;;;;;;;;;;;;;;;;;78.00;89.00;92.00;;;;
Morocco;;;17.00;35.00;42.00;45.00;48.00;73.00;81.00;82.00;79.00;80.00;81.00;83.00;87.00;88.00;93.00;92.00;91.00;90.00;93.00;96.00;94.00;90.00;95.00;97.00;95.00;95.00;96.00;98.00;98.00;100.00;100.00;99.00;99.00;100.00;100.00;100.00;100.00;100.00;;;;
Wallis and Futuna;;;;;;;;;;;;;93.00;;82.00;31.00;;75.00;91.00;100.00;100.00;;;100.00;;;;0.86;;;;;;;;;155.00;;;;;;;
Sint Maarten (Dutch part);;;;;;;;;;;;;;;;;;;;;;;;;;;;;;;;;;;;;;86.00;90.00;;;;;
American Samoa;86.00;;;;;;;36.00;46.00;;63.00;;;;;59.00;61.00;;91.00;98.50;90.00;;;;;;;0.89;86.00;;;77.00;;;;;;;;;;;;
